q,load,tangent,energy,step,iterations,retries,residual,constraint
0.0,0.0,0.03846153846153855,0.0,0.0,0,0,0.0,0.0
0.06013097831278642,0.0021154316341871725,0.03195430023870982,5.143126286611826e-06,0.08,3,0,-2.1684043449710086e-17,6.505213034913027e-19
0.14251744986568854,0.004398926395697716,0.023587278539763945,2.656531477094556e-05,0.1,3,0,0.0,-6.5052130349130266e-18
0.2520513282478965,0.006418725846330867,0.013493373045162849,7.383265768916851e-05,0.12,3,0,1.0842021724855042e-16,9.540979117872439e-18
0.37010887822006433,0.007436849630913896,0.004000459995115224,0.0001388572984282127,0.12,3,0,-1.301042606982605e-16,-3.469446951953614e-18
0.4907691694451264,0.007412193886246402,-0.004140080873184848,0.00020990803903476226,0.12,2,0,-1.1167282376600694e-14,-1.0408340855860843e-17
0.6091233200260501,0.0065283861189250735,-0.010526194646675258,0.00027520830573941446,0.12,2,0,-2.1250362580715883e-15,-4.228388472693467e-17
0.7234580044327343,0.00504624775365937,-0.015142332753276477,0.0003275101552284387,0.12,2,0,-3.629908873481468e-14,2.7755575615628914e-17
0.8342058612195417,0.0031904965505203373,-0.018124287760031166,0.0003635287731440087,0.12,2,0,-8.012254054667876e-15,-8.239936510889834e-18
0.942634075592704,0.0011322191415419753,-0.01960257458941661,0.000382026498288404,0.12,2,0,-4.878909776184769e-17,-1.6046192152785466e-17
1.0502397348535446,-0.0009923566592190014,-0.019649481209651487,0.0003826203586117032,0.12,2,0,0.0,1.1872013788716274e-17
1.1585585814630586,-0.003058835242849642,-0.018267511576260942,0.0003653023944440568,0.12,2,0,3.577867169202164e-16,-8.998878031629687e-17
1.2690886531858043,-0.004932462162012114,-0.015389328558780058,0.00033042746229872735,0.12,2,0,3.653761321276149e-14,-9.84455572616838e-17
1.3831129469930354,-0.00644525285205195,-0.01088842780538024,0.00027915916364306016,0.12,2,0,3.9131024809346816e-13,-1.9949319973733282e-17
1.5011405288325488,-0.007376721869792495,-0.004627705274038663,0.00021460118091070184,0.12,2,0,7.283453354323121e-13,-7.155734338404329e-17
1.6216792196635652,-0.007467212272484993,0.0033955499431129743,0.00014365812320967904,0.12,2,0,3.308985030425759e-14,-7.827939685345342e-17
1.7401046751609324,-0.0065219117985475545,0.012817221537932189,7.78143349919329e-05,0.12,2,0,1.4484941024406336e-14,-4.206704429243757e-17
1.850422545938997,-0.004563026030617794,0.02290065456750512,2.9047247838160193e-05,0.12,3,0,-6.505213034913025e-17,-3.7730235602495554e-17
1.9492895629341498,-0.0018097125320394897,0.03295185722747196,3.692190968719179e-06,0.12,3,0,-7.047314121155778e-17,-8.153200337090993e-17
2.0367900900311615,0.0014908265097282125,0.04260343791636578,2.114652805981339e-06,0.12,3,0,-2.331034670843834e-16,-1.717376241217039e-16
2.114537515478582,0.005155054252649681,0.05174209208368874,2.2020164492692087e-05,0.12,3,0,8.673617379884034e-17,3.8163916471489756e-17
2.1843170000488343,0.009064364883811257,0.060370871019204686,6.0663709268040044e-05,0.12,3,0,8.673617379884034e-17,-2.0383000842727483e-17
2.247641183544189,0.013144094516225592,0.06853237383906452,0.00011561065879325374,0.12,3,0,2.1684043449710084e-16,8.651933336434325e-17
